Wholesaler_Name,Website,Contact_Name,Email,Phone,Address,Supplier_Type,Product_Categories,MOQ_Info,Amazon_FBA_Friendly,Authorization_Available,Catalog_Access,Notes
Wholesale Pet,https://wholesalepet.com,Bo Nelson (President),service@wholesalepet.com,800-472-8984,"840 Eubanks Drive Suite A, Vacaville, CA 95688",Authorized Distributor,"Pet supplies (non-food): toys, grooming, collars, leashes, health products",Varies by product,Yes,Yes,Account required - call or email,"10,000+ SKUs, serves Northern CA and Northern Nevada, established 1970"
The Kitchen Wholesale,https://thekitchenwholesale.com,N/A,info@thekitchenwholesale.com,+1-206-875-9179,USA-based (location not public),Authorized Distributor,"Kitchen supplies, cookware, home goods",Varies,Yes - specializes in FBA,Yes - provides LOAs,"Account required, online catalog",Provides Amazon-accepted invoices and supply chain documentation
Nation Distributor,https://nationdistributor.com,N/A,"info@nationdistributor.com, sales@nationdistributor.com",615-288-6798,"1109 Pumping Station Road, Nashville, TN 37210",Authorized Distributor,"Health & Household, Grocery & Gourmet Food, Baby, Beauty & Personal Care, Pet Supplies",Varies by category,Yes,Yes,Account required,Five diverse product categories for FBA sellers
EN Wholesale LLC,https://enwholesalellc.com,N/A,info@enwholesalellc.com,303-616-6622,"1500 N Grant ST 6544, Denver, CO 80203",Authorized Distributor,Multi-category wholesale,Low MOQs available,Yes - FBA specialist,Yes - provides LOAs,Account application required,"WARNING: Do NOT confuse with endistribution.com (fraud reports). This is enwholesalellc.com only"
Big Rock Sports,https://www.bigrocksports.com,Ed Small (CEO),"info@BigRockSports.com, sales@henrystackle.com","800-334-2661, 905-542-0535",Multiple distribution centers,Authorized Distributor,"Fishing, shooting, camping, taxidermy, marine supplies","200,000+ SKUs, retailer-focused",Check authorization,Yes,"Dealer account required, extensive catalog","Services 20,000+ retailers across US, Canada, Caribbean"
S.P. Richards (SPR),https://www.sprichards.com,Customer Service,First_Last@sprich.com,888-436-6881,"4300 Wildwood Pkwy Suite 300, Atlanta, GA 30339",Authorized Distributor,"Office supplies, furniture, computer supplies, school supplies, janitorial, breakroom","75,000+ products, 9,000+ resellers served",Varies by reseller type,Yes,Dealer account required,"Major national distributor, founded 1847, serves entire US and Canada"
MinMaxDeals,https://minmaxdeals.com,N/A,Contact through website,424-210-5720,"3001 Red Hill Ave, Costa Mesa, CA 92626",Authorized Distributor,"Beauty, skincare, haircare, fragrance","Low MOQs, tailored for FBA",Yes - specializes in FBA prep,Yes,Account application required,"16,000+ customers worldwide, established 2019, provides FBA shipment prep"
New York Cosmetics,https://newyorkcosmetics.com,Robert Rezak,"info@newyorkcosmetics.com, sales@newyorkcosmetics.com",973-777-3723,"90 Dayton Ave Bldg 10, Passaic, NJ 07055",Authorized Distributor,"Brand name cosmetics, skincare, nail polish, HBA, haircare","$2,500 minimum, requires Tax ID and Resale Certificate",Yes - helps with Amazon accounts,Yes - for authorized brands,Account required,"Ships directly to Amazon or your warehouse, deep discount brand names"
Orgill,https://www.orgill.com,Vendor inquiries - see website,Contact through vendor FAQ,N/A - multiple locations,"Collierville, TN (HQ) + 19 distribution centers",Authorized Distributor,"Hardware, tools, home improvement, building materials, automotive, sporting goods","75,000+ products, no minimum order",Yes - allows Amazon/eBay sales,Yes,Dealer account required,"Founded 1847, world's largest independent hardlines distributor, $3.5B annual sales"
Liberty Mountain,https://libertymountain.com,Sales Team,sales@libertymountain.com,"800-366-2666, 888-902-5462","9816 S Jordan Gateway, Sandy, UT 84070 + Montoursville, PA location",Manufacturer/Distributor,"Outdoor gear, camping, climbing, technical outdoor products",Varies by product line,Check policies,Yes - authorized brands,Dealer application required,"One of largest wholesale distributors of technical outdoor products in US"
Keystone Automotive,https://www.keystoneautomotive.com,Kurt Kincel (eCommerce),kjkincel@key-stone.com,800-521-9999,"44 Tunkhannock Ave, Exeter, PA 18643",Authorized Distributor,"Automotive aftermarket, automotive accessories, RV accessories","300,000+ SKUs, 800+ suppliers",Trade accounts only,Yes,Trade account required,"World's leading wholesale distributor, division of LKQ Corporation, next-day delivery"
SnS Pet (S&S Pet Supplies),https://snspet.com,N/A,Contact through website,707-745-3557,"840 Eubanks Drive Suite A, Vacaville, CA 95688",Authorized Distributor,"Pet supplies: dogs, cats, fish, birds, reptiles, small animals","10,000+ products",Check policies,Yes,Dealer account,"Established 1970, services Northern CA and Northern Nevada market"
Pet Edge (Boss PetEdge),https://www.bosspetedge.com,Dealer Services Team,"order@PetEdge.com, support@PetEdge.com, DealerServices@BossPetEdge.com","800-738-3343, 888-876-2567","5 Cherry Hill Drive, Danvers, MA 01923",Authorized Distributor,"Wholesale pet supplies, grooming equipment, pet care products",Varies by product,Yes,Yes,Dealer account required,"Largest supplier to pet care professionals and independent retailers"
PJM Distributions,https://pjmdistribution.com,"David Peterson (President), Brad Chow (GM)",Contact through website,604-940-9990,"6951 72 St Unit 114, Delta, BC V4G 0A2, Canada",Authorized Distributor,"Baby products, toys, baby gear, baby essentials",Varies by product,Check cross-border policies,Yes,Account required,"Canadian distributor, established 1996, serves US and Canadian retailers"
KEY Company,https://keycompanyusa.com,N/A,Contact through website,See website,USA-based,Authorized Distributor,"Rice cookers, kitchen appliances, cookware, housewares",Volume pricing available,Check policies,Yes,Wholesale account application,"Top US distributor of quality kitchenware, supplies e-commerce sellers"
uOffice Supply,https://www.uofficesupply.com,Customer Service (uBoxes),ecare@uboxes.com,877-826-9371,"2201 SW 145th Ave Suite 207, Miramar, FL 33027",Direct Importer/Distributor,"Office supplies, shipping supplies, moving supplies",Volume discounts - larger orders = greater savings,Yes,Yes,Online ordering,"Direct importer with competitive pricing, ships same day before 2pm, multiple US fulfillment centers"
UTN Wholesale,https://utnwholesale.com,Sam Nathan (CEO),"orders@utnwholesale.com, info@utndistributors.com",586-283-9782,"5548 Stockton Drive, Rockford, IL 61109",Authorized Distributor,"Personal care, household items, food and beverages, electronics",Bulk quantities,Yes - ships directly to FBA,Yes,Account required,"Specializes in Amazon and Walmart sellers, offers FBA prep services, accepts orders via email/WhatsApp"
CKB Products Wholesale,https://www.ckbproducts.com,Customer Service,Contact through website,682-414-4287,"8900 Directors Row, Dallas, TX 75247",Wholesale Distributor,"Sporting goods, camping gear, BBQ sets, personalized items, general merchandise",No minimum order,Check policies,Check authorization,Online catalog,"No minimum order requirement, ships Mon-Fri 9am-4pm"
TopDawg,https://topdawg.com,Support Team,Contact through website,See contact page,"Fort Lauderdale, FL (HQ)",Dropship/Wholesale Platform,"500,000+ products across all major categories",Varies by supplier,Yes - platform includes FBA sellers,Varies by supplier,Platform membership required,"Dropship platform connecting retailers with 500+ US wholesalers, established 2004"
BeautyJoint,https://beautyjoint.com,Wholesale Team,wholesale@beautyjoint.com,213-283-6547,"1636 W 8th St Suite 200, Los Angeles, CA 90017",Authorized Distributor,"Cosmetics, skincare, wholesale makeup from major brands (Ardell, L.A. Girl, Milani, Wet N Wild, etc.)","See wholesale page for MOQ",Yes,Yes - authorized distributor,Wholesale account application,"Authorized USA distributor, hours Mon-Fri 8am-5pm PST"
Sundberg America,https://www.sundbergamerica.com,Customer Service,Contact through website,800-621-9190,19 locations across Midwest and Montana,Authorized Distributor,"Appliance parts, HVAC parts, tools, contractor supplies","See application for terms",Primarily serves contractors,Yes,Credit application required,"Over 100 years in business, serves contractors and repair businesses, 19 distribution centers"
Golden Eagle Distributors,https://goldeneagledistributors.com,N/A,Contact through website,See website,"975 Bryn Mawr Ave, Bensenville, IL",Wholesale Distributor,"General merchandise, beverages, automotive supplies, smoke accessories",Free shipping over $1500,Check policies,Check brands,Online catalog,"Large wholesale distributor, primarily serves convenience stores, gas stations, retail outlets"
QM Distributors,https://qmdistributors.com,Customer Service,Contact through website,786-759-0203,"3140 W 84th St #7, Hialeah, FL 33018",Authorized Distributor,"Tools, home improvement, grocery, health, beauty, household essentials",Account approval required,Yes - welcomes FBA and WFS sellers,Yes,Account application required,"Hours Mon-Fri 9am-5pm, Sat 9am-3pm, serves online retailers, FBA, and WFS sellers"
Versa Goods Distributors,https://versagoodsdistributors.com,Wholesale Team,"wholesale@versagoodsdistributors.com, accounts@versagoodsdistributors.com, shipments@versagoodsdistributors.com",See website,"Coker Street Irving TX 75062 (US), Bellshill Scotland (UK)",Wholesale Distributor,"Tools, home improvement, automotive, toys, sports/outdoors, home/kitchen",Varies by category,Yes,Check by brand,Contact for catalog access,"Serves US, UK, and Europe, hours Mon-Fri 9am-6pm, international wholesale distributor"

ADDITIONAL VETTED SOURCES (No direct contact yet - for expansion):
WholesaleCentral.com - Directory of 1400+ FBA-friendly distributors
SaleHoo - Paid directory ($299/year) with 8000+ vetted suppliers
Worldwide Brands - One-time fee directory with certified wholesalers
ThomasNet - Free US manufacturer directory

RED FLAGS - DO NOT USE:
Reliable Distributors LLC (reliabledistributorsllc.com) - Multiple fraud allegations on Trustpilot
endistribution.com (EN Distribution) - Customer reports of non-delivery after payment, no response to emails/calls